MTS,volume,close,high,low,open
2018/6/24 8:00,322270.7663,0.4809,0.5092,0.4457,0.5059
2018/6/25 8:00,209639.6639,0.5083,0.5263,0.4521,0.4763
2018/6/26 8:00,99481.0797,0.4766,0.5277,0.4766,0.513
2018/6/27 8:00,123090.7097,0.4955,0.4955,0.4583,0.4767
2018/6/28 8:00,111736.1426,0.4606,0.4976,0.4583,0.4976
2018/6/29 8:00,125110.1044,0.48,0.483,0.4505,0.4631
2018/6/30 8:00,181823.161,0.5188,0.5256,0.4805,0.4805
2018/7/1 8:00,175354.4227,0.5354,0.57,0.5091,0.5188
2018/7/2 8:00,150477.8146,0.5785,0.5969,0.5143,0.5355
2018/7/3 8:00,217517.031,0.5576,0.6442,0.5573,0.5768
2018/7/4 8:00,179091.7773,0.5822,0.6148,0.5353,0.558
2018/7/5 8:00,174926.1203,0.56,0.5941,0.54,0.5822
2018/7/6 8:00,165480.0026,0.5473,0.5648,0.5145,0.5644
2018/7/7 8:00,153454.6344,0.5414,0.5569,0.5101,0.545
2018/7/8 8:00,129765.8274,0.5424,0.5447,0.521,0.5409
2018/7/9 8:00,104906.2331,0.4977,0.544,0.4977,0.5352
2018/7/10 8:00,242175.7621,0.433,0.4977,0.43,0.4977
2018/7/11 8:00,209765.3531,0.4252,0.44,0.4101,0.4369
2018/7/12 8:00,205790.4435,0.4238,0.4364,0.4,0.4247
2018/7/13 8:00,128856.272,0.4189,0.4443,0.4066,0.4238
2018/7/14 8:00,76550.15008,0.4101,0.4344,0.4023,0.4223
2018/7/15 8:00,124381.855,0.4305,0.4392,0.4048,0.41
2018/7/16 8:00,209017.9869,0.4645,0.4953,0.4165,0.4304
2018/7/17 8:00,255697.2037,0.4892,0.4962,0.4325,0.4643
2018/7/18 8:00,325182.409,0.4839,0.529,0.478,0.4863
2018/7/19 8:00,218494.9351,0.4602,0.4822,0.4517,0.4822
2018/7/20 8:00,126029.6364,0.4108,0.4592,0.4,0.4592
2018/7/21 8:00,74639.6363,0.4257,0.4341,0.4088,0.4111
2018/7/22 8:00,50723.23612,0.4142,0.4498,0.4142,0.425
2018/7/23 8:00,99274.79191,0.4071,0.4386,0.406,0.4145
2018/7/24 8:00,112863.4785,0.4319,0.4437,0.4072,0.4165
2018/7/25 8:00,216302.3977,0.4339,0.47,0.4233,0.4336
2018/7/26 8:00,163419.5293,0.411,0.4492,0.411,0.4378
2018/7/27 8:00,110936.3505,0.4146,0.4377,0.405,0.411
2018/7/28 8:00,63916.11144,0.4128,0.4203,0.4067,0.415
2018/7/29 8:00,96651.04993,0.4036,0.4135,0.3958,0.4128
2018/7/30 8:00,121101.7533,0.3839,0.4022,0.3713,0.3995
2018/7/31 8:00,234432.565,0.3329,0.382,0.3299,0.3776
2018/8/1 8:00,218653.7005,0.315,0.3396,0.311,0.3337
2018/8/2 8:00,158629.4292,0.2886,0.3385,0.2847,0.3216
2018/8/3 8:00,284822.5585,0.288,0.2921,0.2536,0.2877
2018/8/4 8:00,129963.202,0.273,0.2988,0.2587,0.2849
2018/8/5 8:00,93061.41491,0.28,0.291,0.2603,0.2696
2018/8/6 8:00,47672.17913,0.2674,0.2867,0.2635,0.2798
2018/8/7 8:00,129470.5316,0.2601,0.29,0.2563,0.2666
2018/8/8 8:00,172923.5157,0.2135,0.2563,0.2132,0.2563
2018/8/9 8:00,173009.0909,0.2202,0.2307,0.2002,0.2135
2018/8/10 8:00,134716.3344,0.1962,0.2306,0.1962,0.2212
2018/8/11 8:00,195670.4567,0.1749,0.2013,0.1669,0.2013
2018/8/12 8:00,137328.5382,0.1826,0.1891,0.1722,0.1735
2018/8/13 8:00,123384.5398,0.1732,0.1897,0.1732,0.1801
2018/8/14 8:00,291281.711,0.1535,0.1779,0.1434,0.1777
2018/8/15 8:00,177000.9475,0.1497,0.1729,0.1497,0.1552
2018/8/16 8:00,360383.7229,0.1438,0.1547,0.1364,0.1496
2018/8/17 8:00,457231.6488,0.1793,0.185,0.1438,0.144
2018/8/18 8:00,507193.3605,0.1573,0.2129,0.1518,0.1803
2018/8/19 8:00,215387.734,0.1714,0.18,0.1572,0.1608
2018/8/20 8:00,353867.061,0.1531,0.1807,0.1514,0.1691
2018/8/21 8:00,249263.2176,0.1559,0.1672,0.147,0.1513
2018/8/22 8:00,268317.4717,0.1453,0.165,0.1442,0.1545
2018/8/23 8:00,147030.6463,0.1509,0.1555,0.14,0.1452
2018/8/24 8:00,185369.7862,0.1633,0.1642,0.1502,0.153
2018/8/25 8:00,132375.8318,0.1672,0.1674,0.1568,0.1631
2018/8/26 8:00,125975.7442,0.1627,0.1654,0.1576,0.164
2018/8/27 8:00,199721.5026,0.1936,0.194,0.1616,0.1628
2018/8/28 8:00,381104.9334,0.1953,0.1985,0.1651,0.1925
2018/8/29 8:00,292806.4305,0.1962,0.1993,0.182,0.1977
2018/8/30 8:00,1242497.974,0.2768,0.285,0.19,0.1962
2018/8/31 8:00,3921873.056,0.2453,0.2896,0.2198,0.2747
2018/9/1 8:00,891577.6674,0.259,0.2654,0.2449,0.2449
2018/9/2 8:00,503170.4084,0.2421,0.259,0.2264,0.2587
2018/9/3 8:00,342151.077,0.2368,0.2475,0.2288,0.2421
2018/9/4 8:00,232801.7219,0.235,0.2408,0.2306,0.2365
2018/9/5 8:00,424659.9488,0.1958,0.2358,0.1957,0.2355
2018/9/6 8:00,320616.7362,0.2358,0.2443,0.1757,0.1956
2018/9/7 8:00,6107736.631,0.3102,0.3298,0.2128,0.2374
2018/9/8 8:00,4708931.031,0.33,0.3748,0.2936,0.3166
2018/9/9 8:00,1739143.19,0.3094,0.345,0.3051,0.3288
2018/9/10 8:00,1158348.435,0.292,0.317,0.2705,0.3094
2018/9/11 8:00,447886.172,0.2705,0.293,0.2557,0.2876
2018/9/12 8:00,337450.8553,0.257,0.2692,0.2379,0.2692
2018/9/13 8:00,517360.6543,0.2768,0.2942,0.2512,0.2512
2018/9/14 8:00,523318.8904,0.2539,0.28,0.2414,0.2767
2018/9/15 8:00,533848.0992,0.2426,0.2557,0.2403,0.2557
2018/9/16 8:00,284326.3391,0.2407,0.2448,0.2308,0.2426
2018/9/17 8:00,520424.4202,0.208,0.2418,0.201,0.2403
2018/9/18 8:00,438508.422,0.2099,0.2205,0.201,0.208
2018/9/19 8:00,546148.4222,0.203,0.2119,0.2001,0.2072
2018/9/20 8:00,665851.4223,0.2045,0.2113,0.2003,0.2067
2018/9/21 8:00,1491389.186,0.2174,0.2217,0.2049,0.2078
2018/9/22 8:00,844767.7502,0.228,0.2464,0.2015,0.2186
2018/9/23 8:00,1582648.501,0.2321,0.2527,0.2163,0.2274
2018/9/24 8:00,450591.5627,0.2176,0.2355,0.2125,0.2307
2018/9/25 8:00,420798.435,0.2097,0.2147,0.201,0.2138
2018/9/26 8:00,362368.8512,0.207,0.2105,0.203,0.2097
2018/9/27 8:00,318894.8839,0.2151,0.2183,0.2027,0.2078
2018/9/28 8:00,1031964.892,0.213,0.2366,0.2093,0.2163
2018/9/29 8:00,512834.065,0.2095,0.2147,0.2001,0.2124
2018/9/30 8:00,464837.4817,0.2087,0.2135,0.2031,0.2097
2018/10/1 8:00,316955.1616,0.2079,0.2137,0.202,0.2096
2018/10/2 8:00,1101512.328,0.2132,0.24,0.2057,0.2071
2018/10/3 8:00,1678748.32,0.237,0.2482,0.2052,0.2133
2018/10/4 8:00,1307930.514,0.2328,0.2595,0.2282,0.237
2018/10/5 8:00,487843.1224,0.2264,0.2332,0.2209,0.23
2018/10/6 8:00,240362.9602,0.2173,0.2296,0.2134,0.2295
2018/10/7 8:00,262827.2232,0.2256,0.2324,0.2173,0.2173
2018/10/8 8:00,255087.8971,0.2242,0.2283,0.2205,0.2243
2018/10/9 8:00,248523.1216,0.2205,0.225,0.2176,0.2237
2018/10/10 8:00,266787.653,0.2247,0.2267,0.21,0.218
2018/10/11 8:00,395783.7088,0.1933,0.2248,0.1914,0.2248
2018/10/12 8:00,203406.1746,0.2011,0.208,0.1861,0.1921
2018/10/13 8:00,110586.0073,0.2007,0.2046,0.1981,0.2011
2018/10/14 8:00,169666.4998,0.2017,0.2061,0.1998,0.2024
2018/10/15 8:00,385047.2837,0.2082,0.2257,0.1979,0.2017
2018/10/16 8:00,210153.6891,0.2098,0.2131,0.2047,0.2082
2018/10/17 8:00,153844.8361,0.2096,0.22,0.2023,0.2088
2018/10/18 8:00,98288.55163,0.2019,0.2206,0.2019,0.2096
2018/10/19 8:00,222170.034,0.2029,0.2119,0.2004,0.2043
2018/10/20 8:00,87813.29972,0.2046,0.2067,0.2007,0.2016
2018/10/21 8:00,184645.1041,0.206,0.2107,0.2026,0.2047
2018/10/22 8:00,206514.0669,0.202,0.2077,0.1999,0.206
2018/10/23 8:00,122247.6394,0.2023,0.2059,0.2016,0.204
2018/10/24 8:00,61550.37547,0.2028,0.207,0.202,0.2023
2018/10/25 8:00,175600.1921,0.2014,0.2078,0.2011,0.2027
2018/10/26 8:00,114390.6481,0.2013,0.2047,0.2013,0.2042
2018/10/27 8:00,151602.6264,0.2011,0.2038,0.1985,0.2013
2018/10/28 8:00,158022.0219,0.1981,0.2012,0.1927,0.1986
2018/10/29 8:00,268318.5943,0.1839,0.2012,0.1839,0.1981
2018/10/30 8:00,67354.33359,0.1826,0.192,0.18,0.1853
2018/10/31 8:00,167616.1311,0.1847,0.1868,0.178,0.1827
2018/11/1 8:00,79534.27822,0.1852,0.1879,0.1836,0.1848
2018/11/2 8:00,62617.81405,0.1887,0.191,0.1852,0.1853
2018/11/3 8:00,53936.18413,0.1852,0.1888,0.1844,0.1867
2018/11/4 8:00,118859.5784,0.1848,0.1887,0.18,0.1852
2018/11/5 8:00,102337.8691,0.183,0.1882,0.1778,0.1838
2018/11/6 8:00,222882.0782,0.1804,0.1832,0.1779,0.1823
2018/11/7 8:00,234619.9138,0.1882,0.1909,0.1772,0.1808
2018/11/8 8:00,147280.6245,0.1785,0.1852,0.1765,0.1852
2018/11/9 8:00,85984.10626,0.1766,0.1833,0.1766,0.1786
2018/11/10 8:00,170093.4362,0.1768,0.1808,0.1741,0.1767
2018/11/11 8:00,250628.5188,0.1787,0.1953,0.175,0.1771
2018/11/12 8:00,122179.0456,0.1771,0.1843,0.1749,0.18
2018/11/13 8:00,176297.5429,0.1764,0.1825,0.1743,0.1771
2018/11/14 8:00,341172.7967,0.15,0.1766,0.15,0.1742
2018/11/15 8:00,518656.9409,0.1418,0.1552,0.1283,0.1521
2018/11/16 8:00,125229.727,0.1411,0.1453,0.1368,0.1423
2018/11/17 8:00,45301.1685,0.1353,0.1417,0.1338,0.1385
2018/11/18 8:00,50407.27847,0.1426,0.143,0.1361,0.1361
2018/11/19 8:00,463792.4434,0.1061,0.1396,0.1057,0.1396
2018/11/20 8:00,715449.9183,0.0893,0.1126,0.0881,0.1061
2018/11/21 8:00,249414.1384,0.0983,0.1012,0.0827,0.0893
2018/11/22 8:00,193355.5098,0.0915,0.1012,0.0901,0.0981
2018/11/23 8:00,149347.704,0.0939,0.097,0.0888,0.0927
2018/11/24 8:00,145344.3781,0.0821,0.098,0.082,0.0938
2018/11/25 8:00,260778.1964,0.0816,0.0857,0.0736,0.0847
2018/11/26 8:00,183850.6022,0.0774,0.0847,0.074,0.0814
2018/11/27 8:00,133241.6705,0.0788,0.0795,0.074,0.0765
2018/11/28 8:00,1145465.439,0.104,0.1132,0.0783,0.079
2018/11/29 8:00,546042.4781,0.0928,0.1059,0.0928,0.1045
2018/11/30 8:00,158194.4748,0.0898,0.0995,0.0883,0.093
2018/12/1 8:00,67717.73839,0.0973,0.0982,0.0896,0.0901
2018/12/2 8:00,68800.07531,0.09,0.0956,0.0896,0.094
2018/12/3 8:00,149166.9009,0.0854,0.0972,0.082,0.092
2018/12/4 8:00,207990.4609,0.0828,0.0877,0.0812,0.0854
2018/12/5 8:00,152081.1711,0.0813,0.0881,0.0808,0.0848
2018/12/6 8:00,165699.0313,0.075,0.0838,0.075,0.0824
2018/12/7 8:00,151816.5138,0.0682,0.075,0.0641,0.075
2018/12/8 8:00,81540.38994,0.0703,0.0735,0.0654,0.0719
2018/12/9 8:00,50557.33887,0.0714,0.0766,0.0678,0.07
2018/12/10 8:00,74555.67041,0.0688,0.0759,0.0688,0.0713
2018/12/11 8:00,113876.1442,0.0692,0.0719,0.0662,0.0688
2018/12/12 8:00,44539.58445,0.0717,0.0718,0.0662,0.0692
2018/12/13 8:00,158614.4461,0.0658,0.072,0.0658,0.0696
2018/12/14 8:00,86042.64127,0.0647,0.071,0.0647,0.0658
2018/12/15 8:00,76165.36658,0.0625,0.0659,0.0624,0.0654
2018/12/16 8:00,57932.98999,0.0637,0.0673,0.063,0.063
2018/12/17 8:00,100941.9532,0.0732,0.0753,0.0624,0.0639
2018/12/18 8:00,236026.8477,0.0715,0.0744,0.0676,0.0699
2018/12/19 8:00,273575.7251,0.0706,0.0778,0.0696,0.0717
2018/12/20 8:00,189274.1512,0.0789,0.0806,0.0692,0.0695
2018/12/21 8:00,377571.4066,0.0764,0.084,0.0736,0.078
2018/12/22 8:00,461918.7209,0.0795,0.0812,0.075,0.077
2018/12/23 8:00,285324.2905,0.0795,0.085,0.0779,0.0782
2018/12/24 8:00,155667.0225,0.0794,0.0883,0.0779,0.0816
2018/12/25 8:00,279578.0507,0.0714,0.0812,0.068,0.0794
2018/12/26 8:00,103536.3831,0.0728,0.076,0.0702,0.0711
2018/12/27 8:00,192529.029,0.0669,0.0749,0.0667,0.0749
2018/12/28 8:00,111774.3143,0.0719,0.075,0.0663,0.067
2018/12/29 8:00,28285.11896,0.0705,0.0755,0.0705,0.073
2018/12/30 8:00,7760.847503,0.0713,0.0741,0.0713,0.0715
2018/12/31 8:00,33603.65687,0.0716,0.0746,0.07,0.0715
2019/1/1 8:00,67074.70081,0.0755,0.0755,0.0703,0.0716
2019/1/2 8:00,1251478.87,0.0965,0.1038,0.077,0.077
2019/1/3 8:00,436577.7377,0.086,0.1015,0.0857,0.0952
2019/1/4 8:00,290856.1136,0.0807,0.0877,0.0766,0.0858
2019/1/5 8:00,228994.2602,0.0805,0.0832,0.08,0.0803
2019/1/6 8:00,142787.5173,0.0823,0.0823,0.0781,0.0805
2019/1/7 8:00,112926.2528,0.0798,0.0837,0.0791,0.0823
2019/1/8 8:00,108814.4218,0.0809,0.0826,0.079,0.0802
2019/1/9 8:00,108006.8584,0.0807,0.0837,0.0792,0.0801
2019/1/10 8:00,692351.0732,0.0696,0.0836,0.0676,0.0811
2019/1/11 8:00,40634.63334,0.0723,0.0746,0.0682,0.0685
2019/1/12 8:00,87006.15521,0.0709,0.073,0.0706,0.0721
2019/1/13 8:00,55737.89292,0.0688,0.0768,0.0688,0.072
2019/1/14 8:00,84428.02131,0.0719,0.072,0.0679,0.0697
2019/1/15 8:00,91418.86603,0.0715,0.0735,0.0693,0.0719
2019/1/16 8:00,172847.3488,0.0701,0.0732,0.0689,0.07
2019/1/17 8:00,194031.2717,0.0698,0.072,0.0693,0.0703
2019/1/18 8:00,390246.1785,0.0696,0.0725,0.0679,0.0699
2019/1/19 8:00,139009.7597,0.0705,0.072,0.0685,0.0691
2019/1/20 8:00,240724.6451,0.0676,0.0713,0.0666,0.0704
2019/1/21 8:00,204511.6605,0.0684,0.0697,0.0664,0.068
2019/1/22 8:00,300044.0191,0.0702,0.0716,0.0671,0.0696
2019/1/23 8:00,600930.6204,0.0689,0.076,0.0676,0.0701
2019/1/24 8:00,133075.9716,0.0698,0.0702,0.067,0.069
2019/1/25 8:00,173846.3696,0.0695,0.0731,0.0679,0.0687
2019/1/26 8:00,159649.1068,0.0682,0.0703,0.068,0.0694
2019/1/27 8:00,115474.7111,0.0675,0.0748,0.0675,0.0684
2019/1/28 8:00,215951.3061,0.064,0.069,0.0617,0.069
2019/1/29 8:00,115923.0303,0.0644,0.0646,0.0619,0.064
2019/1/30 8:00,153257.6901,0.0688,0.0712,0.0635,0.0644
2019/1/31 8:00,84847.45609,0.064,0.0679,0.064,0.0674
2019/2/1 8:00,59417.5337,0.0673,0.0699,0.065,0.066
2019/2/2 8:00,20735.61303,0.0672,0.0676,0.0663,0.0667
2019/2/3 8:00,11475.55302,0.0676,0.069,0.0661,0.0676
2019/2/4 8:00,103165.6126,0.0671,0.0712,0.0652,0.0668
2019/2/5 8:00,9363.350192,0.0671,0.0672,0.0638,0.0661
2019/2/6 8:00,81216.45684,0.0642,0.0691,0.0638,0.0686
2019/2/7 8:00,19186.92852,0.065,0.067,0.065,0.067
2019/2/8 8:00,111924.4586,0.0704,0.071,0.0642,0.0661
2019/2/9 8:00,164761.7208,0.0701,0.0707,0.0684,0.0706
2019/2/10 8:00,70673.71584,0.0712,0.0712,0.0687,0.07
2019/2/11 8:00,102127.4266,0.0702,0.0717,0.0684,0.0704
2019/2/12 8:00,113244.1462,0.0695,0.0703,0.0683,0.07
2019/2/13 8:00,54497.68585,0.0727,0.0733,0.0694,0.0696
2019/2/14 8:00,36691.91673,0.072,0.0726,0.0701,0.0715
2019/2/15 8:00,112737.3017,0.0724,0.0753,0.0719,0.072
2019/2/16 8:00,127355.0584,0.0717,0.0755,0.0711,0.0726
2019/2/17 8:00,83453.59222,0.073,0.0736,0.0705,0.0716
2019/2/18 8:00,125379.8502,0.0771,0.0785,0.0723,0.0737
2019/2/19 8:00,213534.3244,0.0765,0.0797,0.0731,0.0771
2019/2/20 8:00,65052.65405,0.0766,0.0775,0.0737,0.0747
2019/2/21 8:00,100756.137,0.0753,0.0798,0.0749,0.0767
2019/2/22 8:00,112805.9724,0.0758,0.0782,0.0749,0.0753
2019/2/23 8:00,54281.93095,0.0805,0.0808,0.0752,0.0764
2019/2/24 8:00,271784.3111,0.0702,0.0837,0.0702,0.0805
2019/2/25 8:00,66655.51233,0.0718,0.08,0.0702,0.0703
2019/2/26 8:00,139001.5046,0.076,0.079,0.0707,0.0728
2019/2/27 8:00,340849.9219,0.0749,0.0787,0.0723,0.0763
2019/2/28 8:00,187611.7039,0.0762,0.0778,0.0718,0.0745
2019/3/1 8:00,86424.34178,0.0794,0.0802,0.0758,0.076
2019/3/2 8:00,85367.35881,0.0765,0.0797,0.0751,0.0781
2019/3/3 8:00,1885346.356,0.0956,0.1232,0.0763,0.0776
2019/3/4 8:00,3804382.006,0.1243,0.1351,0.0967,0.0988
2019/3/5 8:00,1385930.027,0.118,0.1306,0.1075,0.1248
2019/3/6 8:00,855003.9801,0.1139,0.1231,0.11,0.1163
2019/3/7 8:00,464812.5963,0.111,0.1161,0.1058,0.114
2019/3/8 8:00,444308.5437,0.1029,0.1127,0.1029,0.1111
2019/3/9 8:00,428376.0543,0.1033,0.1088,0.1011,0.1018
2019/3/10 8:00,276742.5112,0.1025,0.1049,0.1,0.1035
2019/3/11 8:00,255349.2391,0.1027,0.1032,0.0974,0.1016
2019/3/12 8:00,207735.1408,0.103,0.1107,0.0956,0.0979
2019/3/13 8:00,195567.9347,0.1021,0.1052,0.1005,0.104
2019/3/14 8:00,261947.8051,0.1007,0.1073,0.1,0.1017
2019/3/15 8:00,109151.9462,0.1029,0.105,0.1009,0.1009
2019/3/16 8:00,155228.1274,0.1032,0.1058,0.1023,0.1029
2019/3/17 8:00,247087.6825,0.1064,0.1141,0.1023,0.1032
2019/3/18 8:00,106816.9896,0.1064,0.1098,0.1029,0.1065
2019/3/19 8:00,410378.248,0.1161,0.1177,0.1067,0.1067
2019/3/20 8:00,1279102.021,0.1384,0.1616,0.1161,0.1161
2019/3/21 8:00,375466.6078,0.1458,0.1598,0.1286,0.1405
2019/3/22 8:00,360959.611,0.1552,0.169,0.1401,0.1453
2019/3/23 8:00,1194606.714,0.2085,0.2087,0.1493,0.1544
2019/3/24 8:00,658362.9976,0.1886,0.2199,0.172,0.2085
2019/3/25 8:00,975525.176,0.1721,0.1937,0.1588,0.1887
2019/3/26 8:00,196438.582,0.1759,0.1759,0.155,0.1721
2019/3/27 8:00,91281.95351,0.1826,0.1826,0.166,0.176
2019/3/28 8:00,368589.9813,0.1957,0.208,0.1849,0.1852
2019/3/29 8:00,271986.9514,0.1909,0.1996,0.1838,0.1928
2019/3/30 8:00,257797.2248,0.1813,0.194,0.1754,0.1915
2019/3/31 8:00,182632.2283,0.1899,0.1966,0.1765,0.1793
2019/4/1 8:00,241252.3924,0.1885,0.1965,0.1797,0.1899
2019/4/2 8:00,378635.1646,0.2011,0.2013,0.1815,0.1845
2019/4/3 8:00,381616.2847,0.1999,0.2293,0.1897,0.2008
2019/4/4 8:00,209211.9386,0.2018,0.2156,0.1952,0.2
2019/4/5 8:00,192437.585,0.2232,0.2286,0.2019,0.202
2019/4/6 8:00,195182.1154,0.242,0.2433,0.2159,0.2192
2019/4/7 8:00,521296.9874,0.2632,0.2798,0.2416,0.242
2019/4/8 8:00,744475.3812,0.2577,0.2938,0.2352,0.2629
2019/4/9 8:00,349885.0035,0.268,0.275,0.2318,0.2577
2019/4/10 8:00,394140.9482,0.2518,0.2751,0.2491,0.268
2019/4/11 8:00,572844.7808,0.27,0.2922,0.24,0.2546
2019/4/12 8:00,362214.2227,0.2756,0.2852,0.2508,0.2706
2019/4/13 8:00,277089.4035,0.2631,0.2845,0.25,0.2795
2019/4/14 8:00,69174.41812,0.2696,0.2726,0.2621,0.265
2019/4/15 8:00,118661.8031,0.2533,0.2789,0.2524,0.2696
2019/4/16 8:00,183955.9058,0.2452,0.2617,0.2353,0.2534
2019/4/17 8:00,142081.2878,0.252,0.2616,0.241,0.2493
2019/4/18 8:00,95459.2037,0.2567,0.2585,0.2501,0.2528
2019/4/19 8:00,172287.66,0.2512,0.2569,0.2358,0.2567
2019/4/20 8:00,115351.1965,0.2501,0.2531,0.2451,0.25
2019/4/21 8:00,243394.5411,0.2381,0.2501,0.226,0.2501
2019/4/22 8:00,150302.8904,0.241,0.2473,0.222,0.2431
2019/4/23 8:00,354630.3331,0.2271,0.2412,0.222,0.2386
2019/4/24 8:00,377206.8802,0.1925,0.229,0.1853,0.2272
2019/4/25 8:00,420254.1084,0.2029,0.2365,0.1818,0.1925
2019/4/26 8:00,346912.154,0.2089,0.24,0.1989,0.2009
2019/4/27 8:00,159724.0157,0.2257,0.2293,0.2061,0.2071
2019/4/28 8:00,281395.5914,0.2325,0.2409,0.225,0.2256
2019/4/29 8:00,160998.1049,0.2391,0.2469,0.2275,0.2353
2019/4/30 8:00,171189.4375,0.2631,0.27,0.2365,0.2365
2019/5/1 8:00,238848.9891,0.2576,0.28,0.2502,0.2678
2019/5/2 8:00,67200.90275,0.2554,0.2587,0.2502,0.2529
2019/5/3 8:00,148815.5136,0.2705,0.278,0.2517,0.2545
2019/5/4 8:00,303972.805,0.305,0.3205,0.265,0.2715
2019/5/5 8:00,461159.8854,0.3461,0.3558,0.31,0.31
2019/5/6 8:00,402848.1722,0.3315,0.355,0.2942,0.3423
2019/5/7 8:00,889951.2347,0.41,0.4571,0.3315,0.3315
2019/5/8 8:00,2444000.555,0.5067,0.5882,0.385,0.4059
2019/5/9 8:00,1928352.414,0.663,0.6636,0.4757,0.5066
2019/5/10 8:00,4306507.342,0.6052,0.8235,0.53,0.6637
2019/5/11 8:00,2453543.062,0.5079,0.6339,0.4622,0.6069
2019/5/12 8:00,1670349.187,0.6079,0.625,0.5,0.5094
2019/5/13 8:00,947102.782,0.5685,0.62,0.5403,0.6079
2019/5/14 8:00,846802.4489,0.5266,0.5782,0.5147,0.5661
2019/5/15 8:00,960192.0368,0.5544,0.5808,0.5165,0.5266
2019/5/16 8:00,1396631.782,0.5211,0.5589,0.4705,0.5581
2019/5/17 8:00,2147257.294,0.5719,0.6764,0.461,0.5211
2019/5/18 8:00,478572.9583,0.6,0.6288,0.5676,0.571
2019/5/19 8:00,494767.7219,0.6247,0.647,0.59,0.6001
2019/5/20 8:00,567039.8526,0.5709,0.6245,0.5307,0.6245
2019/5/21 8:00,468886.3471,0.5475,0.58,0.53,0.5709
2019/5/22 8:00,369645.9651,0.5097,0.5542,0.4994,0.5476
2019/5/23 8:00,307596.7266,0.5095,0.527,0.48,0.508
2019/5/24 8:00,437645.9984,0.5341,0.5688,0.49,0.5024
2019/5/25 8:00,253610.4809,0.494,0.5354,0.493,0.5271
2019/5/26 8:00,219995.1903,0.5107,0.5305,0.494,0.494
2019/5/27 8:00,283434.8266,0.5125,0.5295,0.505,0.514
2019/5/28 8:00,203516.7121,0.5111,0.5257,0.5073,0.5119
2019/5/29 8:00,196960.5742,0.503,0.5147,0.4976,0.5113
2019/5/30 8:00,456053.6263,0.4701,0.53,0.46,0.503
2019/5/31 8:00,513849.2944,0.4602,0.4885,0.425,0.47
2019/6/1 8:00,271634.1869,0.438,0.4795,0.4301,0.4602
2019/6/2 8:00,219429.2923,0.4492,0.4639,0.433,0.4354
2019/6/3 8:00,291365.9495,0.417,0.4498,0.4122,0.4498
2019/6/4 8:00,874118.339,0.3418,0.4167,0.314,0.4167
2019/6/5 8:00,556377.7379,0.3725,0.3823,0.3296,0.3418
2019/6/6 8:00,1428304.695,0.4082,0.4585,0.3692,0.3725
2019/6/7 8:00,403688.1193,0.4274,0.4523,0.4015,0.4079
2019/6/8 8:00,232048.9142,0.408,0.4311,0.4017,0.4294
2019/6/9 8:00,195818.1974,0.3692,0.4089,0.3647,0.4089
2019/6/10 8:00,344261.6174,0.3941,0.3948,0.3566,0.3692
2019/6/11 8:00,282175.1598,0.3774,0.4135,0.3676,0.3882
2019/6/12 8:00,311422.7764,0.3691,0.3843,0.3558,0.3774
2019/6/13 8:00,370270.1331,0.3774,0.3903,0.363,0.3691
2019/6/14 8:00,690199.6889,0.4033,0.4318,0.373,0.378
2019/6/15 8:00,329975.7972,0.394,0.4083,0.382,0.4032
2019/6/16 8:00,633405.0453,0.4174,0.4457,0.3901,0.394
2019/6/17 8:00,633621.2759,0.429,0.4586,0.4174,0.4174
2019/6/18 8:00,298681.5579,0.4091,0.4358,0.4,0.4285
2019/6/19 8:00,339637.994,0.419,0.4416,0.407,0.4119
2019/6/20 8:00,209841.1934,0.4107,0.425,0.4078,0.419
2019/6/21 8:00,291855.2688,0.3963,0.4147,0.3918,0.4147
2019/6/22 8:00,264836.119,0.4081,0.4168,0.3963,0.3972
2019/6/23 8:00,261215.2236,0.407,0.4184,0.4,0.4067
2019/6/24 8:00,224434.1015,0.3968,0.4077,0.3857,0.4065
2019/6/25 8:00,553850.8557,0.4165,0.4355,0.3802,0.3968
2019/6/26 8:00,570918.1289,0.3638,0.4192,0.3595,0.4137
2019/6/27 8:00,509228.2687,0.3332,0.3683,0.3174,0.3638
2019/6/28 8:00,261846.3731,0.3472,0.3521,0.326,0.3323
2019/6/29 8:00,628849.4751,0.3805,0.4285,0.3333,0.3521
2019/6/30 8:00,621343.4632,0.3567,0.4412,0.3567,0.3842
2019/7/1 8:00,282097.9922,0.3563,0.38,0.3357,0.3609
2019/7/2 8:00,200607.5671,0.3468,0.3675,0.3343,0.3583
2019/7/3 8:00,246514.6942,0.3464,0.3676,0.3378,0.3468
2019/7/4 8:00,351686.1442,0.3641,0.3906,0.3464,0.3479
2019/7/5 8:00,952642.1454,0.391,0.4285,0.3624,0.3641
2019/7/6 8:00,394884.5718,0.3691,0.3947,0.36,0.391
2019/7/7 8:00,118657.5858,0.368,0.3804,0.3651,0.3674
2019/7/8 8:00,152036.4446,0.3543,0.3687,0.3502,0.3676
2019/7/9 8:00,232699.778,0.3738,0.3792,0.35,0.3522
2019/7/10 8:00,290418.2571,0.3385,0.3758,0.3314,0.3735
2019/7/11 8:00,400773.9434,0.2876,0.3427,0.2832,0.3396
2019/7/12 8:00,342357.3083,0.3056,0.33,0.2833,0.2876
2019/7/13 8:00,165560.8327,0.2978,0.3142,0.2927,0.3089
2019/7/14 8:00,287888.9228,0.2493,0.3035,0.2489,0.2984
2019/7/15 8:00,330197.8219,0.2529,0.267,0.2289,0.249
2019/7/16 8:00,798910.7023,0.2213,0.2807,0.22,0.2534
2019/7/17 8:00,798910.7023,0.2213,0.2213,0.2213,0.2213
2019/7/18 8:00,798910.7023,0.2213,0.2213,0.2213,0.2213
2019/7/19 8:00,798910.7023,0.2213,0.2213,0.2213,0.2213
2019/7/20 8:00,798910.7023,0.2213,0.2213,0.2213,0.2213
2019/7/21 8:00,798910.7023,0.2213,0.2213,0.2213,0.2213
2019/7/22 8:00,798910.7023,0.2213,0.2213,0.2213,0.2213
2019/7/23 8:00,118853.2503,0.2575,0.2884,0.2575,0.2842
2019/7/24 8:00,108647.9777,0.2658,0.2677,0.2474,0.2577
2019/7/25 8:00,120849.4199,0.2724,0.2975,0.2699,0.2699
2019/7/26 8:00,67015.4293,0.2696,0.2742,0.2567,0.2739
2019/7/27 8:00,43726.95691,0.2602,0.2785,0.2543,0.2696
2019/7/28 8:00,83669.84128,0.2589,0.2652,0.2445,0.2623
2019/7/29 8:00,57106.90814,0.2587,0.2643,0.2528,0.2576
2019/7/30 8:00,82248.10336,0.2564,0.2641,0.2476,0.2571
2019/7/31 8:00,48879.77939,0.2554,0.2575,0.2506,0.2575
2019/8/1 8:00,69758.5432,0.2501,0.2563,0.2434,0.2544
2019/8/2 8:00,59295.48912,0.2574,0.2688,0.2427,0.248
2019/8/3 8:00,52578.30141,0.2646,0.2731,0.255,0.2564
2019/8/4 8:00,25477.06223,0.2596,0.2648,0.252,0.2648
2019/8/5 8:00,56500.85173,0.252,0.2653,0.2505,0.258
2019/8/6 8:00,65857.52312,0.2418,0.2525,0.24,0.2511
2019/8/7 8:00,113385.7892,0.24,0.2471,0.24,0.2419
2019/8/8 8:00,162734.3454,0.234,0.2401,0.2258,0.24
2019/8/9 8:00,98263.72736,0.226,0.2463,0.2224,0.2335
2019/8/10 8:00,218423.8819,0.2169,0.2333,0.2108,0.2274
2019/8/11 8:00,66957.98014,0.2208,0.2232,0.215,0.2176
2019/8/12 8:00,228446.241,0.223,0.2544,0.2168,0.2209
2019/8/13 8:00,136472.4263,0.228,0.2468,0.2235,0.224
2019/8/14 8:00,185553.0042,0.202,0.228,0.1959,0.225
2019/8/15 8:00,100493.0792,0.1979,0.209,0.1801,0.2017
2019/8/16 8:00,78544.78362,0.1929,0.2046,0.1889,0.1974
2019/8/17 8:00,57786.27845,0.1938,0.2036,0.193,0.1952
2019/8/18 8:00,75056.01798,0.1992,0.2026,0.193,0.196
2019/8/19 8:00,121207.8101,0.2059,0.2177,0.1964,0.1986
2019/8/20 8:00,126408.1733,0.1908,0.2085,0.1904,0.2062
2019/8/21 8:00,195328.7806,0.1982,0.2173,0.181,0.1904
2019/8/22 8:00,365535.8344,0.2042,0.247,0.198,0.1999
2019/8/23 8:00,129232.9113,0.2112,0.2185,0.2011,0.2046
2019/8/24 8:00,44002.29431,0.211,0.222,0.2016,0.213
2019/8/25 8:00,63927.75453,0.2017,0.2118,0.1992,0.211
2019/8/26 8:00,97122.94392,0.2015,0.2091,0.1922,0.2065
2019/8/27 8:00,71868.68702,0.218,0.218,0.1975,0.2015
2019/8/28 8:00,138755.9448,0.1979,0.2187,0.1925,0.2159
2019/8/29 8:00,127439.7293,0.1824,0.1963,0.171,0.1963
2019/8/30 8:00,176795.1973,0.2011,0.2089,0.1764,0.1828
2019/8/31 8:00,157305.6719,0.1901,0.2062,0.1832,0.203
2019/9/1 8:00,102183.253,0.1868,0.1999,0.1814,0.1866
2019/9/2 8:00,99326.44237,0.1902,0.2065,0.1799,0.187
2019/9/3 8:00,63335.46483,0.1875,0.1958,0.1842,0.1907
2019/9/4 8:00,81919.85911,0.1867,0.1886,0.1836,0.187
2019/9/5 8:00,83933.18291,0.1849,0.1905,0.1826,0.1859
2019/9/6 8:00,50358.17674,0.181,0.1904,0.1804,0.1862
2019/9/7 8:00,38778.23786,0.1855,0.1859,0.18,0.181
2019/9/8 8:00,123602.0435,0.1904,0.1931,0.1852,0.1872
2019/9/9 8:00,163407.3635,0.192,0.2,0.1865,0.1902
2019/9/10 8:00,81023.58703,0.1901,0.196,0.1873,0.1924
2019/9/11 8:00,128817.131,0.1869,0.1919,0.1826,0.19
2019/9/12 8:00,36029.20583,0.1901,0.1942,0.186,0.1868
2019/9/13 8:00,52251.92846,0.1918,0.1942,0.188,0.191
2019/9/14 8:00,25094.5729,0.1901,0.194,0.1881,0.1901
2019/9/15 8:00,352296.8842,0.2007,0.22,0.1902,0.1918
2019/9/16 8:00,185228.7059,0.1957,0.2049,0.19,0.2006
2019/9/17 8:00,126457.0179,0.1955,0.204,0.1885,0.1948
2019/9/18 8:00,85192.65017,0.2014,0.2074,0.1901,0.1943
2019/9/19 8:00,87515.31934,0.1959,0.2025,0.1871,0.2001
2019/9/20 8:00,24262.49369,0.1949,0.1977,0.192,0.1949
2019/9/21 8:00,47059.52641,0.1945,0.1976,0.1909,0.1949
2019/9/22 8:00,64728.3956,0.1927,0.1934,0.1829,0.1928
2019/9/23 8:00,86067.24044,0.1911,0.2037,0.1893,0.1919
2019/9/24 8:00,214523.3946,0.1591,0.1959,0.13,0.1912
2019/9/25 8:00,92816.85013,0.1539,0.1882,0.1428,0.1569
2019/9/26 8:00,101500.9101,0.1466,0.1633,0.1428,0.1569
2019/9/27 8:00,78494.75638,0.1525,0.1554,0.1444,0.1471
2019/9/28 8:00,103480.8222,0.1485,0.1528,0.145,0.151
2019/9/29 8:00,72652.24177,0.1485,0.1522,0.145,0.1486
2019/9/30 8:00,122436.3293,0.1499,0.1528,0.1428,0.148
2019/10/1 8:00,58507.88192,0.148,0.1584,0.1444,0.1505
2019/10/2 8:00,21703.51313,0.1503,0.1531,0.1453,0.1483
2019/10/3 8:00,60121.48404,0.1473,0.1535,0.145,0.1512
2019/10/4 8:00,84793.32981,0.1479,0.1525,0.1414,0.1473
2019/10/5 8:00,102771.1761,0.146,0.1476,0.1416,0.1476
2019/10/6 8:00,54618.16256,0.1487,0.1528,0.1456,0.1461
2019/10/7 8:00,28529.4081,0.1481,0.1509,0.1415,0.1465
2019/10/8 8:00,102168.6703,0.1576,0.159,0.148,0.1504
2019/10/9 8:00,137797.5944,0.1671,0.1761,0.1562,0.1577
2019/10/10 8:00,196440.6556,0.1604,0.1679,0.1553,0.1669
2019/10/11 8:00,148086.1483,0.1526,0.1623,0.1515,0.1601
2019/10/12 8:00,13841.745,0.1542,0.1563,0.1526,0.1526
2019/10/13 8:00,122699.6981,0.1595,0.1606,0.1533,0.1559
2019/10/14 8:00,76006.46577,0.1547,0.1576,0.152,0.1569
2019/10/15 8:00,123060.4119,0.1552,0.1603,0.1523,0.1555
2019/10/16 8:00,99518.11454,0.1542,0.1544,0.148,0.1536
2019/10/17 8:00,155533.8057,0.1457,0.1507,0.1393,0.1507
2019/10/18 8:00,132338.4234,0.1365,0.1452,0.1344,0.143
2019/10/19 8:00,110082.0323,0.1373,0.139,0.1306,0.1354
2019/10/20 8:00,56479.02812,0.1376,0.1381,0.1333,0.138
2019/10/21 8:00,157962.0496,0.1392,0.1432,0.1363,0.1381
2019/10/22 8:00,171451.4343,0.136,0.1446,0.1341,0.1401
2019/10/23 8:00,297203.1728,0.1236,0.136,0.1197,0.136
2019/10/24 8:00,49096.79954,0.1212,0.1233,0.1158,0.1217
2019/10/25 8:00,130393.7275,0.1289,0.1309,0.1184,0.1211
2019/10/26 8:00,184126.1391,0.1366,0.1449,0.1266,0.1296
2019/10/27 8:00,798461.9692,0.1797,0.1821,0.1304,0.1378
2019/10/28 8:00,576043.8085,0.1576,0.1828,0.1502,0.1772
2019/10/29 8:00,145898.7068,0.1604,0.17,0.1546,0.155
2019/10/30 8:00,93559.21516,0.1572,0.1688,0.1516,0.1601
2019/10/31 8:00,56701.07648,0.1528,0.161,0.1501,0.1563
2019/11/1 8:00,128824.8737,0.1644,0.1688,0.1501,0.1529
2019/11/2 8:00,146465.9888,0.1609,0.1683,0.1578,0.1638
2019/11/3 8:00,107367.0393,0.1574,0.1623,0.1521,0.1611
2019/11/4 8:00,72718.60704,0.1575,0.1611,0.1546,0.1554
2019/11/5 8:00,96394.9112,0.1581,0.1602,0.1552,0.1573
2019/11/6 8:00,246978.2599,0.1702,0.1827,0.1601,0.1602
2019/11/7 8:00,179818.313,0.1669,0.1727,0.164,0.17
2019/11/8 8:00,90929.8645,0.1582,0.17,0.1557,0.1682
2019/11/9 8:00,31087.49992,0.1579,0.163,0.1568,0.1582
2019/11/10 8:00,238741.5155,0.1663,0.175,0.1571,0.1574
2019/11/11 8:00,1006630.056,0.203,0.221,0.1597,0.1649
2019/11/12 8:00,1564719.676,0.2232,0.2518,0.1966,0.203
2019/11/13 8:00,586341.4959,0.2049,0.2296,0.192,0.2232
2019/11/14 8:00,424617.441,0.2215,0.233,0.1989,0.2044
2019/11/15 8:00,607130.7697,0.2071,0.2223,0.1871,0.2221
2019/11/16 8:00,219780.2118,0.204,0.2129,0.1938,0.208
2019/11/17 8:00,151723.1086,0.2135,0.2215,0.2034,0.2064
2019/11/18 8:00,235964.343,0.1962,0.2188,0.1946,0.2139
2019/11/19 8:00,401987.3053,0.184,0.2061,0.174,0.199
2019/11/20 8:00,140001.9273,0.192,0.199,0.1832,0.1836
2019/11/21 8:00,286093.7615,0.1614,0.1936,0.1522,0.1915
2019/11/22 8:00,547389.2503,0.1418,0.1655,0.133,0.1614
2019/11/23 8:00,210635.57,0.1502,0.1577,0.1383,0.1411
2019/11/24 8:00,452775.1794,0.1437,0.1659,0.1376,0.1514
2019/11/25 8:00,498766.8296,0.1471,0.1595,0.13,0.1402
2019/11/26 8:00,217855.0034,0.1474,0.1533,0.1409,0.1482
2019/11/27 8:00,227108.2071,0.1506,0.1522,0.1408,0.1475
2019/11/28 8:00,169865.9035,0.1522,0.16,0.1497,0.1522
2019/11/29 8:00,163616.127,0.1547,0.1571,0.1511,0.1524
2019/11/30 8:00,129456.3947,0.1585,0.17,0.1515,0.1552
2019/12/1 8:00,165682.6515,0.152,0.1585,0.14,0.1585
2019/12/2 8:00,59738.56193,0.1452,0.1561,0.1416,0.152
2019/12/3 8:00,60698.00986,0.14,0.1462,0.1325,0.1451
2019/12/4 8:00,134551.387,0.1396,0.1411,0.1327,0.14
2019/12/5 8:00,67009.96718,0.1413,0.1423,0.1361,0.1379
2019/12/6 8:00,40762.92127,0.1391,0.1426,0.1383,0.1426
2019/12/7 8:00,30903.99718,0.1397,0.1422,0.1376,0.1409
2019/12/8 8:00,51693.55305,0.137,0.1397,0.1341,0.1397
2019/12/9 8:00,52259.81514,0.1362,0.1391,0.1343,0.1376
2019/12/10 8:00,136718.1936,0.1246,0.1354,0.1228,0.1342
2019/12/11 8:00,203262.4441,0.1319,0.1469,0.123,0.123
2019/12/12 8:00,85874.59759,0.1351,0.1383,0.1284,0.1324
2019/12/13 8:00,71971.37904,0.1378,0.1383,0.1308,0.1334
2019/12/14 8:00,72350.45864,0.1239,0.1357,0.1234,0.1357
2019/12/15 8:00,32241.44982,0.1313,0.1315,0.1243,0.1267
2019/12/16 8:00,67686.09887,0.1295,0.1312,0.1262,0.131
2019/12/17 8:00,125741.8099,0.1182,0.1287,0.1174,0.1287
2019/12/18 8:00,140064.2184,0.1308,0.133,0.115,0.1196
2019/12/19 8:00,70598.1828,0.1261,0.1357,0.1252,0.1311
2019/12/20 8:00,7838.772154,0.1271,0.1286,0.1252,0.1275
2019/12/21 8:00,46624.2385,0.1282,0.131,0.1252,0.1287
2019/12/22 8:00,26790.84291,0.1317,0.1336,0.1265,0.1272
2019/12/23 8:00,36665.70118,0.1264,0.1334,0.1264,0.1317
2019/12/24 8:00,49092.3196,0.1256,0.1323,0.1243,0.1264
2019/12/25 8:00,31674.98018,0.1244,0.1256,0.1234,0.1245
2019/12/26 8:00,250568.34,0.1142,0.1256,0.1131,0.1254
2019/12/27 8:00,131967.1356,0.1131,0.1188,0.1124,0.1141
2019/12/28 8:00,134301.2991,0.1144,0.12,0.1122,0.1145
2019/12/29 8:00,85304.37481,0.1139,0.1155,0.1139,0.114
2019/12/30 8:00,34371.84734,0.1114,0.1144,0.1114,0.1139
2019/12/31 8:00,208548.0026,0.11,0.115,0.1084,0.1129
2020/1/1 8:00,81000.59648,0.1105,0.1155,0.1097,0.11
2020/1/2 8:00,85887.11456,0.1067,0.1116,0.1061,0.1116
2020/1/3 8:00,59419.61373,0.1094,0.1099,0.105,0.1069
2020/1/4 8:00,86291.72549,0.1148,0.1187,0.1095,0.1095
2020/1/5 8:00,143397.7265,0.1112,0.1179,0.111,0.1135
2020/1/6 8:00,142350.9837,0.1177,0.1177,0.1118,0.1118
2020/1/7 8:00,104820.2753,0.1159,0.1187,0.1156,0.116
2020/1/8 8:00,123017.7744,0.116,0.1199,0.1157,0.1166
2020/1/9 8:00,90676.95153,0.1122,0.1173,0.1122,0.1164
2020/1/10 8:00,331098.5031,0.1163,0.1214,0.1074,0.1123
2020/1/11 8:00,145401.1977,0.1133,0.1177,0.112,0.1161
2020/1/12 8:00,724968.7626,0.1397,0.1568,0.1121,0.1122
2020/1/13 8:00,1705874.292,0.1221,0.1612,0.119,0.1388
2020/1/14 8:00,1471525.885,0.126,0.1422,0.1224,0.1224
2020/1/15 8:00,837430.0014,0.1297,0.1428,0.124,0.1272
2020/1/16 8:00,414589.6659,0.1353,0.139,0.1233,0.13
2020/1/17 8:00,417598.8845,0.1416,0.1468,0.1329,0.1352
2020/1/18 8:00,205752.326,0.1367,0.1423,0.1347,0.1407
2020/1/19 8:00,344345.795,0.1305,0.1425,0.1245,0.1361
2020/1/20 8:00,86073.08671,0.1286,0.1312,0.1284,0.1298
2020/1/21 8:00,36486.60848,0.1354,0.137,0.126,0.1285
2020/1/22 8:00,260514.1194,0.1346,0.1475,0.1312,0.1346
2020/1/23 8:00,195052.0963,0.1259,0.1347,0.1258,0.1332
2020/1/24 8:00,143052.1727,0.1278,0.1385,0.1228,0.1266
2020/1/25 8:00,26743.44003,0.1264,0.1312,0.1246,0.1272
2020/1/26 8:00,86949.51757,0.1331,0.1331,0.1246,0.1255
2020/1/27 8:00,97577.49561,0.1373,0.138,0.1293,0.1331
2020/1/28 8:00,116006.3291,0.1334,0.1372,0.1247,0.1364
2020/1/29 8:00,179489.1762,0.1362,0.14,0.1309,0.1323
2020/1/30 8:00,164522.172,0.1418,0.1425,0.1334,0.1361
2020/1/31 8:00,354303.5587,0.143,0.1528,0.1352,0.1424
2020/2/1 8:00,50686.31552,0.1439,0.1474,0.1406,0.1423
2020/2/2 8:00,242788.1154,0.1564,0.1673,0.1437,0.1437
2020/2/3 8:00,41988.98305,0.1542,0.1588,0.1517,0.1564
2020/2/4 8:00,45251.67939,0.162,0.162,0.1481,0.1537
2020/2/5 8:00,132742.1418,0.176,0.1785,0.162,0.162
2020/2/6 8:00,145399.727,0.1791,0.184,0.1714,0.1777
2020/2/7 8:00,186099.3192,0.184,0.184,0.173,0.1781
2020/2/8 8:00,144891.7509,0.1796,0.2007,0.1716,0.1842
2020/2/9 8:00,107209.1584,0.193,0.1962,0.1803,0.1851
2020/2/10 8:00,133737.5927,0.1817,0.197,0.1669,0.1939
2020/2/11 8:00,144429.8994,0.1858,0.1858,0.17,0.181
2020/2/12 8:00,397267.7777,0.1859,0.1901,0.1768,0.1884
2020/2/13 8:00,823731.2374,0.1686,0.186,0.1622,0.186
2020/2/14 8:00,280655.3472,0.1733,0.182,0.1674,0.1696
2020/2/15 8:00,468411.2176,0.1636,0.1828,0.1563,0.174
2020/2/16 8:00,467692.6447,0.1493,0.1709,0.1341,0.1614
2020/2/17 8:00,1024380.401,0.1443,0.1545,0.1298,0.1494
2020/2/18 8:00,452600.7141,0.1465,0.152,0.1382,0.1453
2020/2/19 8:00,192773.3862,0.133,0.1582,0.1314,0.1467
2020/2/20 8:00,161354.5811,0.1384,0.1392,0.1314,0.1321
2020/2/21 8:00,175283.6164,0.1448,0.145,0.1331,0.1392
2020/2/22 8:00,406644.4486,0.1477,0.1507,0.1403,0.1448
2020/2/23 8:00,226635.4023,0.148,0.15,0.1415,0.1481
2020/2/24 8:00,459550.1603,0.1448,0.151,0.14,0.1483
2020/2/25 8:00,271267.5258,0.1337,0.1497,0.1326,0.145
2020/2/26 8:00,389781.0941,0.1217,0.1337,0.1112,0.1318
2020/2/27 8:00,197675.0707,0.123,0.1266,0.1126,0.1185
2020/2/28 8:00,269248.3397,0.1189,0.1244,0.1128,0.1235
2020/2/29 8:00,409797.405,0.1129,0.124,0.1126,0.119
2020/3/1 8:00,148664.088,0.1127,0.1201,0.1118,0.1148
2020/3/2 8:00,252863.2551,0.1178,0.1208,0.111,0.1129
2020/3/3 8:00,118438.0637,0.1137,0.119,0.1137,0.1174
2020/3/4 8:00,111742.477,0.1139,0.1177,0.1132,0.1142
2020/3/5 8:00,107463.9069,0.1183,0.1204,0.115,0.1163
2020/3/6 8:00,293000.3712,0.1206,0.1222,0.1178,0.1201
2020/3/7 8:00,415216.8719,0.1239,0.1335,0.1197,0.1213
2020/3/8 8:00,634313.8905,0.1045,0.1234,0.1028,0.1234
2020/3/9 8:00,166817.0345,0.1025,0.1098,0.0958,0.1045
2020/3/10 8:00,161811.4201,0.1048,0.1084,0.101,0.1032
2020/3/11 8:00,184492.1256,0.1027,0.1071,0.095,0.106
2020/3/12 8:00,623990.0165,0.0566,0.1016,0.055,0.1016
2020/3/13 8:00,302411.1976,0.0691,0.0993,0.053,0.058
2020/3/14 8:00,245154.1712,0.0631,0.0713,0.063,0.0679
2020/3/15 8:00,63309.74782,0.0684,0.0724,0.0628,0.0635
2020/3/16 8:00,291879.6377,0.0628,0.0694,0.0548,0.0668
2020/3/17 8:00,162447.8011,0.07,0.0725,0.0619,0.0622
2020/3/18 8:00,64447.75628,0.0678,0.0705,0.0642,0.0689
2020/3/19 8:00,142895.1056,0.0765,0.08,0.068,0.0682
2020/3/20 8:00,224674.6837,0.0711,0.084,0.065,0.0739
2020/3/21 8:00,103713.5291,0.0715,0.0744,0.0681,0.0681
2020/3/22 8:00,104675.4972,0.0637,0.0744,0.0636,0.072
2020/3/23 8:00,40263.57875,0.0698,0.0714,0.0622,0.0622
2020/3/24 8:00,116003.3221,0.0742,0.0742,0.0687,0.0707
2020/3/25 8:00,70984.65405,0.0727,0.078,0.0703,0.0704
2020/3/26 8:00,48155.50848,0.0749,0.075,0.0712,0.0733
2020/3/27 8:00,27085.8802,0.0733,0.0763,0.0727,0.0763
2020/3/28 8:00,38347.85133,0.0704,0.0743,0.0688,0.0729
2020/3/29 8:00,13235.3297,0.0678,0.0725,0.0678,0.0698
2020/3/30 8:00,16386.03997,0.0742,0.0742,0.0664,0.068
2020/3/31 8:00,14930.73023,0.0715,0.0738,0.0702,0.0738
2020/4/1 8:00,8967.678029,0.0707,0.0721,0.0702,0.0704
2020/4/2 8:00,41352.53957,0.0725,0.0783,0.0725,0.073
2020/4/3 8:00,23692.49065,0.0749,0.0756,0.0726,0.0755
2020/4/4 8:00,60150.84261,0.0788,0.084,0.0752,0.0752
2020/4/5 8:00,217621.6685,0.0833,0.0846,0.0799,0.0805
2020/4/6 8:00,148034.0005,0.0858,0.0863,0.0802,0.0833
2020/4/7 8:00,136998.0149,0.085,0.09,0.0845,0.0876
2020/4/8 8:00,52135.88324,0.0878,0.09,0.0855,0.086
2020/4/9 8:00,113319.0199,0.0822,0.0901,0.0822,0.0888
2020/4/10 8:00,99192.02293,0.08,0.0855,0.08,0.0822
2020/4/11 8:00,20125.30039,0.08,0.0875,0.08,0.0852
2020/4/12 8:00,35656.64179,0.0861,0.0861,0.0791,0.08
2020/4/13 8:00,57691.26914,0.0776,0.0823,0.0776,0.0823
2020/4/14 8:00,21277.8504,0.0782,0.08,0.0773,0.0798
2020/4/15 8:00,8323.044609,0.0774,0.079,0.0774,0.078
2020/4/16 8:00,270219.7117,0.0851,0.0858,0.0748,0.0774
2020/4/17 8:00,57109.96432,0.0849,0.0875,0.0808,0.086
2020/4/18 8:00,20377.85767,0.0878,0.0879,0.0834,0.0843
2020/4/19 8:00,36509.58204,0.0829,0.0898,0.0829,0.0889
2020/4/20 8:00,20228.91751,0.0855,0.0898,0.0829,0.0829
2020/4/21 8:00,4141.360254,0.086,0.086,0.0828,0.0855
2020/4/22 8:00,34734.17817,0.0862,0.0887,0.0828,0.0828
2020/4/23 8:00,23861.99973,0.0927,0.0941,0.0862,0.0862
2020/4/24 8:00,12311.54762,0.0903,0.0904,0.09,0.0903
2020/4/25 8:00,16969.62652,0.0882,0.0941,0.0882,0.0902
2020/4/26 8:00,30655.3268,0.093,0.0985,0.0915,0.0924
2020/4/27 8:00,67767.866,0.0988,0.0989,0.0933,0.0948
2020/4/28 8:00,47222.8978,0.0928,0.0988,0.0928,0.0988
2020/4/29 8:00,233853.48,0.0993,0.1008,0.0907,0.0954
2020/4/30 8:00,185557.6578,0.1,0.105,0.096,0.0995
2020/5/1 8:00,50986.32948,0.1014,0.1049,0.0971,0.1
2020/5/2 8:00,16733.6381,0.1012,0.1056,0.0987,0.101
2020/5/3 8:00,75995.9793,0.1028,0.1059,0.101,0.1056
2020/5/4 8:00,70400.4462,0.0973,0.1025,0.0909,0.1025
2020/5/5 8:00,11746.65164,0.096,0.1031,0.096,0.0973
2020/5/6 8:00,81652.16774,0.0939,0.1028,0.0914,0.096
2020/5/7 8:00,63164.25847,0.0941,0.0941,0.085,0.094
2020/5/8 8:00,28968.84575,0.0932,0.1022,0.0893,0.096
2020/5/9 8:00,11740.68189,0.0928,0.095,0.0919,0.0932
2020/5/10 8:00,85799.31894,0.084,0.0929,0.076,0.0928
2020/5/11 8:00,7145.213992,0.0778,0.0841,0.0778,0.0836
2020/5/12 8:00,28476.5524,0.0857,0.0857,0.0785,0.0785
2020/5/13 8:00,16495.57777,0.0857,0.0857,0.0832,0.0857
2020/5/14 8:00,80418.53377,0.083,0.0866,0.079,0.0863
2020/5/15 8:00,16759.31071,0.0793,0.0838,0.0793,0.0834
2020/5/16 8:00,30116.04408,0.0821,0.0844,0.0793,0.0794
2020/5/17 8:00,17231.77941,0.085,0.0881,0.0797,0.0821
2020/5/18 8:00,40773.15271,0.0853,0.09,0.083,0.0859
2020/5/19 8:00,20062.26895,0.0881,0.0895,0.0843,0.0844
2020/5/20 8:00,45525.14101,0.0937,0.0986,0.0856,0.088
2020/5/21 8:00,300334.0518,0.0943,0.1097,0.0925,0.0969
2020/5/22 8:00,87047.60098,0.1088,0.1088,0.0957,0.096
2020/5/23 8:00,31024.50987,0.1028,0.1136,0.1012,0.1026
2020/5/24 8:00,119738.411,0.0902,0.1042,0.088,0.1034
2020/5/25 8:00,26104.77403,0.0927,0.0948,0.0901,0.0918
2020/5/26 8:00,58936.06041,0.1002,0.1065,0.0927,0.0927
2020/5/27 8:00,23499.49617,0.1022,0.103,0.1,0.1002
2020/5/28 8:00,21103.23143,0.1039,0.108,0.1,0.101
2020/5/29 8:00,11691.81447,0.1,0.1038,0.0981,0.1038
2020/5/30 8:00,29963.43523,0.1029,0.103,0.0972,0.0981
2020/5/31 8:00,25096.22832,0.1029,0.107,0.098,0.103
2020/6/1 8:00,17224.85085,0.1029,0.1068,0.0976,0.1033
2020/6/2 8:00,171028.9244,0.1007,0.108,0.099,0.1059
2020/6/3 8:00,118682.5359,0.1023,0.1065,0.1,0.1007
2020/6/4 8:00,55142.6305,0.1045,0.1052,0.1003,0.1027
2020/6/5 8:00,136289.1321,0.1048,0.1064,0.1006,0.1045
2020/6/6 8:00,24531.477,0.1019,0.106,0.1014,0.1047
2020/6/7 8:00,18234.45959,0.1038,0.1063,0.1,0.1044
2020/6/8 8:00,64308.38433,0.1064,0.1064,0.101,0.1059
2020/6/9 8:00,121974.0877,0.1099,0.1102,0.1033,0.1064
2020/6/10 8:00,155463.0127,0.123,0.123,0.1086,0.1109
2020/6/11 8:00,192941.8404,0.1003,0.124,0.1003,0.123
2020/6/12 8:00,84187.68716,0.1163,0.1258,0.1003,0.1003
2020/6/13 8:00,113849.9441,0.1132,0.1171,0.1113,0.116
2020/6/14 8:00,26553.00431,0.1119,0.1148,0.11,0.113
2020/6/15 8:00,31059.41508,0.1106,0.1137,0.1021,0.109
2020/6/16 8:00,64718.63485,0.113,0.1147,0.1056,0.1105
2020/6/17 8:00,41141.4901,0.1063,0.114,0.1063,0.114
2020/6/18 8:00,49827.3278,0.1096,0.1139,0.1059,0.1085
2020/6/19 8:00,74656.20342,0.1125,0.12,0.1057,0.1103
2020/6/20 8:00,32738.52397,0.1117,0.1191,0.1085,0.1132
2020/6/21 8:00,77307.784,0.1077,0.1131,0.1051,0.1091
2020/6/22 8:00,28279.02293,0.1083,0.1087,0.1037,0.1086
2020/6/23 8:00,22709.13713,0.1046,0.1097,0.1037,0.1084
2020/6/24 8:00,47923.78653,0.1028,0.1084,0.1028,0.1048
2020/6/25 8:00,17239.41024,0.1017,0.1045,0.1001,0.1032
2020/6/26 8:00,37520.36389,0.0982,0.103,0.0975,0.101
2020/6/27 8:00,40242.00285,0.0962,0.1014,0.0913,0.098
2020/6/28 8:00,39828.81432,0.0951,0.0969,0.0912,0.0923
2020/6/29 8:00,10006.614,0.0967,0.1016,0.0947,0.0966
2020/6/30 8:00,12172.70061,0.1038,0.1038,0.0988,0.101
2020/7/1 8:00,93970.61664,0.0953,0.1071,0.0953,0.1038
2020/7/2 8:00,185162.336,0.0945,0.1016,0.0907,0.0957
2020/7/3 8:00,44531.78874,0.0973,0.0973,0.0915,0.0959
2020/7/4 8:00,150966.2981,0.0995,0.1009,0.097,0.097
2020/7/5 8:00,90863.28529,0.0974,0.1016,0.0946,0.0995
2020/7/6 8:00,45429.08814,0.0993,0.1084,0.0966,0.0968
2020/7/7 8:00,47200.12637,0.102,0.1069,0.1001,0.1002
2020/7/8 8:00,67955.50215,0.1101,0.1133,0.101,0.102
2020/7/9 8:00,149724.7198,0.1066,0.112,0.1038,0.1101
2020/7/10 8:00,150302.9055,0.1033,0.1073,0.0995,0.1066
2020/7/11 8:00,89650.6875,0.1077,0.1084,0.1008,0.1031
2020/7/12 8:00,294714.6603,0.1085,0.1117,0.1023,0.1075
2020/7/13 8:00,331508.2322,0.1067,0.12,0.1057,0.1093
2020/7/14 8:00,72703.64907,0.1114,0.1123,0.1058,0.1068
2020/7/15 8:00,88135.73351,0.1085,0.1136,0.1054,0.1136
2020/7/16 8:00,113360.0053,0.1063,0.1102,0.1021,0.1065
2020/7/17 8:00,47178.85143,0.105,0.1061,0.1014,0.1061
2020/7/18 8:00,13584.84987,0.1077,0.1084,0.1045,0.1069
2020/7/19 8:00,60498.93026,0.1061,0.1139,0.1047,0.1115
2020/7/20 8:00,275174.0607,0.114,0.1249,0.1057,0.106
2020/7/21 8:00,55872.3395,0.1226,0.1226,0.1145,0.1173
2020/7/22 8:00,146159.9594,0.12,0.1279,0.1153,0.1226
2020/7/23 8:00,155225.3592,0.1185,0.1228,0.116,0.1196
2020/7/24 8:00,111048.7228,0.1127,0.1219,0.1099,0.1185
2020/7/25 8:00,129513.2491,0.1105,0.1148,0.1091,0.113
2020/7/26 8:00,96642.55476,0.1117,0.1176,0.11,0.1123
2020/7/27 8:00,211197.224,0.1055,0.1186,0.105,0.1117
2020/7/28 8:00,159978.2637,0.1059,0.1138,0.1035,0.1057
2020/7/29 8:00,36293.63591,0.1097,0.1131,0.1059,0.1059
2020/7/30 8:00,15186.07641,0.11,0.1125,0.1057,0.1083
2020/7/31 8:00,17792.23319,0.11,0.1126,0.1046,0.1126
2020/8/1 8:00,120379.7088,0.1094,0.1214,0.1048,0.11
2020/8/2 8:00,222375.661,0.1061,0.1167,0.1021,0.1112
2020/8/3 8:00,119264.7872,0.11,0.1142,0.1028,0.1048
2020/8/4 8:00,130939.9552,0.1099,0.1141,0.107,0.1102
2020/8/5 8:00,95613.34296,0.1128,0.1141,0.1083,0.1098
2020/8/6 8:00,238333.5415,0.12,0.1287,0.1086,0.114
2020/8/7 8:00,109009.5551,0.1113,0.1272,0.1089,0.1214
2020/8/8 8:00,35143.47059,0.116,0.1249,0.11,0.11
2020/8/9 8:00,282584.5253,0.1176,0.1185,0.1104,0.116
2020/8/10 8:00,136916.6016,0.1161,0.1197,0.1122,0.1156
2020/8/11 8:00,209388.253,0.1084,0.1246,0.1051,0.1179
2020/8/12 8:00,289843.2477,0.1121,0.117,0.1071,0.1084
2020/8/13 8:00,223974.8006,0.1222,0.1238,0.1086,0.1121
2020/8/14 8:00,346169.2205,0.1203,0.1245,0.114,0.1206
2020/8/15 8:00,259701.7976,0.1185,0.1206,0.1132,0.1203
2020/8/16 8:00,119434.4542,0.1172,0.1199,0.1112,0.1172
2020/8/17 8:00,250098.9004,0.1175,0.1219,0.1135,0.1171
2020/8/18 8:00,439214.1629,0.106,0.1198,0.1051,0.114
2020/8/19 8:00,356922.8561,0.1,0.1075,0.0985,0.106
2020/8/20 8:00,355314.2976,0.1071,0.1071,0.1,0.1
2020/8/21 8:00,562496.2347,0.102,0.1137,0.1014,0.1071
2020/8/22 8:00,461198.4868,0.1091,0.1128,0.1008,0.102
2020/8/23 8:00,170598.9072,0.1091,0.1125,0.1051,0.1088
2020/8/24 8:00,141817.9184,0.1103,0.1127,0.1067,0.109
2020/8/25 8:00,1858910.502,0.1559,0.1642,0.1068,0.1108
2020/8/26 8:00,1941211.406,0.1624,0.1888,0.1468,0.1636
2020/8/27 8:00,556743.4572,0.1535,0.174,0.1469,0.1626
2020/8/28 8:00,162588.5889,0.1598,0.167,0.1525,0.1528
2020/8/29 8:00,329442.1282,0.1357,0.1646,0.1356,0.1603
2020/8/30 8:00,510562.5821,0.1468,0.152,0.132,0.1366
2020/8/31 8:00,3022696.153,0.2357,0.26,0.145,0.1478
2020/9/1 8:00,743446.006,0.18,0.2433,0.175,0.2366
2020/9/2 8:00,475014.1157,0.1638,0.195,0.1586,0.18
2020/9/3 8:00,512978.3193,0.1158,0.1832,0.1105,0.167
2020/9/4 8:00,289301.7279,0.126,0.1403,0.1105,0.12
2020/9/5 8:00,264847.5855,0.1215,0.1328,0.1051,0.126
2020/9/6 8:00,804906.9497,0.1468,0.1555,0.1236,0.1278
2020/9/7 8:00,531007.7469,0.1277,0.1504,0.1212,0.1468
2020/9/8 8:00,235885.3844,0.1214,0.1335,0.1185,0.1276
2020/9/9 8:00,216387.3055,0.1283,0.1296,0.1185,0.1214
2020/9/10 8:00,289068.8586,0.1285,0.1424,0.1226,0.1277
2020/9/11 8:00,173290.4322,0.1285,0.1349,0.1242,0.1285
2020/9/12 8:00,130163.6345,0.129,0.1325,0.1232,0.1285
2020/9/13 8:00,31662.98371,0.1258,0.1335,0.1237,0.13
2020/9/14 8:00,727587.3356,0.1498,0.1808,0.1208,0.1237
2020/9/15 8:00,450753.4007,0.13,0.1688,0.128,0.1502
2020/9/16 8:00,123146.4426,0.129,0.1352,0.123,0.13
2020/9/17 8:00,138184.7033,0.1268,0.1355,0.1249,0.129
2020/9/18 8:00,109807.6505,0.1239,0.1318,0.1233,0.1267
2020/9/19 8:00,102757.935,0.1213,0.1263,0.1206,0.124
2020/9/20 8:00,235496.7687,0.1105,0.1214,0.1037,0.1213
2020/9/21 8:00,157852.7722,0.0991,0.1102,0.0916,0.1102
2020/9/22 8:00,183789.3528,0.0941,0.1034,0.0901,0.0991
2020/9/23 8:00,109125.2048,0.0886,0.0968,0.0879,0.0967
2020/9/24 8:00,147642.2428,0.0933,0.0948,0.0884,0.0894
2020/9/25 8:00,68443.70463,0.096,0.1034,0.0906,0.0935
2020/9/26 8:00,44938.03886,0.0993,0.1001,0.0957,0.0959
2020/9/27 8:00,15213.31756,0.095,0.1017,0.0934,0.1015
2020/9/28 8:00,24493.73134,0.0956,0.0994,0.095,0.0979
2020/9/29 8:00,107125.2746,0.0951,0.1017,0.0939,0.0951
2020/9/30 8:00,34224.54566,0.0973,0.1006,0.0969,0.0994
2020/10/1 8:00,255766.9804,0.0965,0.1002,0.0952,0.096
2020/10/2 8:00,71021.32613,0.0923,0.0959,0.09,0.0957
2020/10/3 8:00,74198.43282,0.0912,0.0932,0.0902,0.0908
2020/10/4 8:00,4804.0701,0.0923,0.0923,0.09,0.0918
2020/10/5 8:00,31313.0054,0.0911,0.0937,0.0911,0.0923
2020/10/6 8:00,29902.24221,0.0893,0.091,0.0882,0.091
2020/10/7 8:00,94061.63349,0.0868,0.0894,0.0861,0.0886
2020/10/8 8:00,81497.64194,0.0882,0.09,0.0863,0.0883
2020/10/9 8:00,112428.5006,0.0905,0.0924,0.0877,0.0881
2020/10/10 8:00,41125.21811,0.0898,0.0932,0.0898,0.0905
2020/10/11 8:00,33128.20809,0.0898,0.0952,0.0859,0.0895
2020/10/12 8:00,50286.02098,0.0874,0.0918,0.0861,0.0895
2020/10/13 8:00,65109.47035,0.0874,0.0899,0.0871,0.0892
2020/10/14 8:00,48736.08714,0.0901,0.0901,0.0855,0.0881
2020/10/15 8:00,12530.19727,0.0901,0.0924,0.086,0.0901
2020/10/16 8:00,25761.53011,0.0828,0.092,0.0828,0.0919
2020/10/17 8:00,33656.843,0.0826,0.0875,0.0826,0.0847
2020/10/18 8:00,29336.77735,0.0822,0.085,0.0822,0.0826
2020/10/19 8:00,13347.65585,0.0815,0.0825,0.0811,0.0822
2020/10/20 8:00,101778.2124,0.0758,0.0818,0.0757,0.0815
2020/10/21 8:00,39603.73345,0.0798,0.0816,0.077,0.077
2020/10/22 8:00,64351.85684,0.0813,0.0847,0.0778,0.078
2020/10/23 8:00,40067.26442,0.0818,0.0819,0.0779,0.0813
2020/10/24 8:00,20737.86438,0.0798,0.0799,0.0775,0.0787
2020/10/25 8:00,16296.97981,0.0772,0.0798,0.0772,0.0778
2020/10/26 8:00,48402.69402,0.074,0.0776,0.074,0.0772
2020/10/27 8:00,56095.93983,0.0797,0.0799,0.0722,0.0762
2020/10/28 8:00,55270.818,0.0732,0.0773,0.07,0.0773
2020/10/29 8:00,15257.70488,0.0715,0.0733,0.07,0.0733
2020/10/30 8:00,66824.84235,0.069,0.0715,0.0657,0.0715
2020/10/31 8:00,47379.0148,0.0719,0.072,0.0658,0.069
2020/11/1 8:00,28804.26967,0.0717,0.0717,0.0674,0.0701
2020/11/2 8:00,59022.58419,0.065,0.0724,0.064,0.0709
2020/11/3 8:00,31649.17014,0.0633,0.0662,0.0614,0.0642
2020/11/4 8:00,89191.29308,0.0665,0.0665,0.0633,0.0642
2020/11/5 8:00,30224.40091,0.0652,0.072,0.0626,0.0665
2020/11/6 8:00,72335.34056,0.0717,0.0741,0.064,0.0658
2020/11/7 8:00,101967.4271,0.0705,0.074,0.0695,0.0737
2020/11/8 8:00,15046.935,0.0741,0.0741,0.0704,0.0704
2020/11/9 8:00,12722.87122,0.0696,0.0729,0.0695,0.0729
2020/11/10 8:00,123391.3863,0.0748,0.0758,0.0698,0.0705
2020/11/11 8:00,148960.5831,0.0804,0.0818,0.0762,0.0762
2020/11/12 8:00,30175.82469,0.0771,0.0795,0.0767,0.0794
2020/11/13 8:00,44661.4131,0.0839,0.0839,0.073,0.0771
2020/11/14 8:00,18995.13446,0.0798,0.0824,0.0773,0.0814
2020/11/15 8:00,19906.73881,0.0812,0.0813,0.0773,0.0796
2020/11/16 8:00,34295.4301,0.0795,0.0824,0.0785,0.0785
2020/11/17 8:00,72560.42793,0.0757,0.0813,0.0717,0.0812
2020/11/18 8:00,29967.36711,0.0757,0.0783,0.0749,0.0763
2020/11/19 8:00,126469.6145,0.078,0.0782,0.0757,0.0779
2020/11/20 8:00,69622.8363,0.0772,0.0791,0.0765,0.0785
2020/11/21 8:00,75178.9668,0.0896,0.0956,0.076,0.0784
2020/11/22 8:00,29753.57235,0.0837,0.0919,0.0784,0.0889
2020/11/23 8:00,166020.5014,0.0822,0.0847,0.0809,0.0836
2020/11/24 8:00,238538.1925,0.0908,0.0955,0.0775,0.0821
2020/11/25 8:00,200719.0062,0.0864,0.0976,0.0863,0.0908
2020/11/26 8:00,88068.49898,0.0787,0.0871,0.0727,0.0871
2020/11/27 8:00,11117.33683,0.0784,0.0795,0.0775,0.0786
2020/11/28 8:00,11442.99046,0.081,0.0835,0.0758,0.0784
2020/11/29 8:00,21917.49945,0.0873,0.089,0.0794,0.0845
2020/11/30 8:00,38105.32366,0.084,0.0875,0.0796,0.0874
2020/12/1 8:00,127754.0883,0.0785,0.0855,0.0777,0.0843
2020/12/2 8:00,18191.79825,0.08,0.0806,0.0759,0.078
2020/12/3 8:00,17820.92339,0.0823,0.084,0.0773,0.08
2020/12/4 8:00,73116.36203,0.08259,0.0945,0.0818,0.0823
2020/12/5 8:00,85942.48876,0.08516,0.0858,0.08,0.08229
2020/12/6 8:00,99165.3393,0.08141,0.0858,0.0773,0.08519
2020/12/7 8:00,24624.61973,0.0823,0.0849,0.07962,0.08155
2020/12/8 8:00,54474.3464,0.08023,0.084,0.0772,0.0827
2020/12/9 8:00,127106.1845,0.07723,0.0806,0.076,0.08031
2020/12/10 8:00,147112.5783,0.07719,0.0788,0.0763,0.0772
2020/12/11 8:00,255035.0431,0.07846,0.07911,0.07552,0.07734
2020/12/12 8:00,158764.7672,0.08073,0.0814,0.07845,0.07881
2020/12/13 8:00,183586.0158,0.0805,0.0834,0.0805,0.08068
2020/12/14 8:00,126034.071,0.07846,0.0808,0.07814,0.0803
2020/12/15 8:00,236690.3922,0.0788,0.0815,0.0766,0.07858
2020/12/16 8:00,249658.7047,0.07869,0.07985,0.07592,0.0787
2020/12/17 8:00,665793.3352,0.078089,0.0825,0.0743,0.07888
2020/12/18 8:00,257991.5317,0.077352,0.07975,0.07601,0.078475
2020/12/19 8:00,247508.0664,0.078678,0.0814,0.07601,0.07741
2020/12/20 8:00,159430.6157,0.081479,0.08325,0.07782,0.078576
2020/12/21 8:00,250580.7929,0.076347,0.082432,0.07412,0.081398
2020/12/22 8:00,174116.404,0.075117,0.07746,0.074262,0.076302
2020/12/23 8:00,133901.6415,0.064564,0.07627,0.0631,0.07627
2020/12/24 8:00,81680.9409,0.067536,0.0701,0.0631,0.064579
2020/12/25 8:00,58490.06849,0.071554,0.073992,0.06518,0.068155
2020/12/26 8:00,94066.16306,0.069523,0.07287,0.06768,0.06984
2020/12/27 8:00,51468.15828,0.070018,0.07288,0.06581,0.069203
2020/12/28 8:00,42684.02908,0.068416,0.07267,0.06605,0.070294
2020/12/29 8:00,101167.8738,0.065408,0.07042,0.065,0.068244
2020/12/30 8:00,403984.581,0.06358,0.067661,0.06358,0.065
2020/12/31 8:00,492719.9291,0.062685,0.0654,0.061904,0.06358
2021/1/1 8:00,642558.965,0.066871,0.07059,0.062622,0.062833
2021/1/2 8:00,655061.3409,0.068678,0.0709,0.06551,0.066914
2021/1/3 8:00,544347.5826,0.06726,0.07222,0.0664,0.068755
2021/1/4 8:00,761991.1526,0.070808,0.07931,0.066213,0.06729
2021/1/5 8:00,481236.5477,0.075125,0.0762,0.07,0.070634
2021/1/6 8:00,279306.1282,0.08151,0.08151,0.074867,0.074867
2021/1/7 8:00,257847.5129,0.07996,0.084,0.07696,0.07999
2021/1/8 8:00,944455.7382,0.093028,0.11891,0.07394,0.07999
2021/1/9 8:00,433986.3646,0.101584,0.107381,0.084032,0.09203
2021/1/10 8:00,588649.3593,0.091756,0.1053,0.08944,0.10056
2021/1/11 8:00,653549.5933,0.077029,0.092228,0.072915,0.09199
2021/1/12 8:00,303755.2293,0.080066,0.08972,0.07599,0.077068
2021/1/13 8:00,367468.3477,0.083066,0.08631,0.07795,0.07983
2021/1/14 8:00,454728.1899,0.086424,0.08964,0.08205,0.08312
2021/1/15 8:00,286620.0727,0.083054,0.086522,0.08009,0.086482
2021/1/16 8:00,288911.1625,0.089806,0.1,0.08299,0.08299
2021/1/17 8:00,296641.7151,0.09945,0.10439,0.08809,0.089208
2021/1/18 8:00,92796.51705,0.099797,0.10239,0.09476,0.100856
2021/1/19 8:00,1168876.605,0.12486,0.1808,0.09679,0.09974
2021/1/20 8:00,150995.7782,0.11421,0.12863,0.10854,0.12328
2021/1/21 8:00,56367.12625,0.103223,0.11865,0.10011,0.114554
2021/1/22 8:00,218505.4123,0.11866,0.13825,0.09435,0.102912
2021/1/23 8:00,213858.3099,0.11872,0.12992,0.115,0.12013
2021/1/24 8:00,160830.9136,0.11484,0.12325,0.11143,0.11858
2021/1/25 8:00,217602.2119,0.12018,0.1254,0.11278,0.11504
2021/1/26 8:00,318902.1865,0.11473,0.12484,0.10701,0.12216
2021/1/27 8:00,314346.0671,0.10568,0.11505,0.10298,0.11484
2021/1/28 8:00,321050.5192,0.10714,0.10993,0.10261,0.10596
2021/1/29 8:00,384587.444,0.10726,0.11192,0.10315,0.10854
2021/1/30 8:00,656708.105,0.12777,0.17515,0.10357,0.10693
2021/1/31 8:00,384347.9046,0.10977,0.13301,0.10547,0.12816
2021/2/1 8:00,343043.9883,0.11439,0.11855,0.10822,0.10973
2021/2/2 8:00,318204.4082,0.10991,0.11567,0.10825,0.1142
2021/2/3 8:00,402681.2705,0.11946,0.1365,0.10648,0.10974
2021/2/4 8:00,498132.9463,0.12792,0.13636,0.11878,0.11946
2021/2/5 8:00,343271.3305,0.13073,0.13631,0.12486,0.12797
2021/2/6 8:00,312030.7495,0.13489,0.13989,0.12957,0.13079
2021/2/7 8:00,388596.7326,0.12999,0.13503,0.12593,0.13492
2021/2/8 8:00,335702.171,0.13816,0.14537,0.12425,0.12978
2021/2/9 8:00,367857.6202,0.14737,0.15151,0.13477,0.13801
2021/2/10 8:00,467574.1384,0.16298,0.17607,0.14437,0.14733
2021/2/11 8:00,203973.5497,0.16224,0.16949,0.15506,0.16292
2021/2/12 8:00,157348.1306,0.18218,0.18697,0.16001,0.16252
2021/2/13 8:00,378456.9161,0.18223,0.19682,0.17888,0.18191
2021/2/14 8:00,369268.8354,0.1827,0.19338,0.16669,0.18256
2021/2/15 8:00,418976.4267,0.16058,0.18294,0.12718,0.18176
2021/2/16 8:00,195442.7431,0.15363,0.17245,0.14955,0.16098
2021/2/17 8:00,364121.9418,0.16059,0.16812,0.14905,0.15312
2021/2/18 8:00,396064.6227,0.16769,0.17157,0.16007,0.1604
2021/2/19 8:00,633125.5088,0.16687,0.18851,0.16003,0.16807
2021/2/20 8:00,442996.1597,0.159,0.16782,0.1547,0.1677
2021/2/21 8:00,330727.391,0.16272,0.168,0.159,0.15901
2021/2/22 8:00,513789.6885,0.14516,0.16295,0.13435,0.16281
2021/2/23 8:00,548608.2022,0.12191,0.14597,0.11328,0.14527
2021/2/24 8:00,306691.7707,0.13221,0.13925,0.11666,0.12133
2021/2/25 8:00,421754.2018,0.12592,0.13563,0.12289,0.13136
2021/2/26 8:00,546321.3352,0.1137,0.136,0.11077,0.12657
2021/2/27 8:00,340848.6248,0.11996,0.12668,0.11382,0.11469
2021/2/28 8:00,526653.5978,0.10758,0.12149,0.10065,0.11995
2021/3/1 8:00,500701.0494,0.12018,0.13,0.10697,0.10721
2021/3/2 8:00,708851.0637,0.13639,0.1638,0.11559,0.11878
2021/3/3 8:00,502536.5044,0.13216,0.15,0.1291,0.13644
2021/3/4 8:00,532289.4889,0.12803,0.14575,0.12132,0.13213
2021/3/5 8:00,358376.8201,0.12494,0.12782,0.12078,0.12782
2021/3/6 8:00,325653.0788,0.12551,0.12949,0.121,0.12491
2021/3/7 8:00,394536.099,0.13478,0.13628,0.12523,0.12552
2021/3/8 8:00,386024.49,0.13232,0.136,0.12327,0.13503
2021/3/9 8:00,419010.8115,0.13534,0.13681,0.12805,0.13318
2021/3/10 8:00,639713.9624,0.13888,0.15361,0.12578,0.13605
2021/3/11 8:00,463205.3533,0.14462,0.15,0.13164,0.13897
2021/3/12 8:00,830453.0715,0.14735,0.18901,0.13615,0.14462
2021/3/13 8:00,486062.977,0.17034,0.18636,0.1437,0.14739
2021/3/14 8:00,295911.6807,0.16436,0.17211,0.1509,0.17035
2021/3/15 8:00,590352.9132,0.15654,0.16447,0.148,0.16363
2021/3/16 8:00,371755.2963,0.16415,0.17239,0.15252,0.15647
2021/3/17 8:00,541314.4196,0.1726,0.175,0.15877,0.16443
2021/3/18 8:00,391670.4884,0.16803,0.183,0.15909,0.17259
2021/3/19 8:00,284067.9464,0.17127,0.17825,0.1603,0.16853
2021/3/20 8:00,347361.1117,0.17362,0.18,0.16434,0.17067
